{
  "server_name": "Aiiinotate",
  "time_unit": "s",
  "threads": 20,
  "n_iterations": 50,
  "ratio_canvas_with_annotations": "1.0%",
  "results": [
    {
      "step": {
        "index": 0,
        "n_manifest": 100,
        "n_canvas": 100,
        "n_annotations": 100000,
        "n_annotation_per_canvas": 1000
      },
      "duration_insert_manifest": 0.40816946099948836,
      "duration_insert_annotation": 2.2374778149969643,
      "duration_read_annotation_list": 0.013962538240011781,
      "duration_read_annotation": 0.019327708899945718
    },
    {
      "step": {
        "index": 1,
        "n_manifest": 100,
        "n_canvas": 1000,
        "n_annotations": 1000000,
        "n_annotation_per_canvas": 1000
      },
      "duration_insert_manifest": 2.400025393006217,
      "duration_insert_annotation": 41.51890851099597,
      "duration_read_annotation_list": 0.014068343139952049,
      "duration_read_annotation": 0.11103156416007551
    }
  ]
}