{
  "server_name": "Aiiinotate",
  "n_steps": 3,
  "threads": 20,
  "n_iterations": 50,
  "ratio_canvas_with_annotations": 0.01,
  "time_unit": "seconds",
  "results": [
    {
      "step": {
        "index": 0,
        "n_manifest": 100,
        "n_canvas": 100,
        "n_annotations": 100000,
        "n_annotation_per_canvas": 1000
      },
      "duration_populate_manifest": 0.640911371000584,
      "duration_populate_annotation": 3.5848628080002527,
      "duration_read_annotation_list": 0.027884382939992066,
      "duration_read_annotation": 0.029671168759996362,
      "duration_write_manifest": 0.007315658219995385,
      "duration_write_annotation": 0.18635281692000716,
      "duration_write_annotation_list": 0.23121474455998395
    },
    {
      "step": {
        "index": 1,
        "n_manifest": 100,
        "n_canvas": 1000,
        "n_annotations": 1000000,
        "n_annotation_per_canvas": 1000
      },
      "duration_populate_manifest": 4.365128983000432,
      "duration_populate_annotation": 55.6885759730003,
      "duration_read_annotation_list": 0.028685014239999872,
      "duration_read_annotation": 0.17214689185999305,
      "duration_write_manifest": 0.04886946811999224,
      "duration_write_annotation": 0.06030248387998654,
      "duration_write_annotation_list": 0.12990569892001078
    },
    {
      "step": {
        "index": 2,
        "n_manifest": 100,
        "n_canvas": 10000,
        "n_annotations": 10000000,
        "n_annotation_per_canvas": 1000
      },
      "duration_populate_manifest": 39.137492417999965,
      "duration_populate_annotation": 537.8898917550005,
      "duration_read_annotation_list": 0.028398368779999145,
      "duration_read_annotation": 1.246915673479998,
      "duration_write_manifest": 0.41888143266000044,
      "duration_write_annotation": 0.0635524343600082,
      "duration_write_annotation_list": 0.1362496471399936
    }
  ]
}