{
  "server_name": "Aiiinotate",
  "time_unit": "s",
  "threads": 20,
  "n_iterations": 50,
  "ratio_canvas_with_annotations": "1.0%",
  "results": [
    {
      "step": {
        "index": 0,
        "n_manifest": 100,
        "n_canvas": 100,
        "n_annotations": 100000,
        "n_annotation_per_canvas": 1000
      },
      "duration_insert_manifest": 0.39505321299657226,
      "duration_insert_annotation": 2.272352909996698,
      "duration_read_annotation_list": 0.013391450839990285,
      "duration_read_annotation": 0.012178388019965496
    },
    {
      "step": {
        "index": 1,
        "n_manifest": 100,
        "n_canvas": 1000,
        "n_annotations": 1000000,
        "n_annotation_per_canvas": 1000
      },
      "duration_insert_manifest": 2.4200751960015623,
      "duration_insert_annotation": 41.62299976200302,
      "duration_read_annotation_list": 0.013767884000117192,
      "duration_read_annotation": 0.10922884522005916
    },
    {
      "step": {
        "index": 2,
        "n_manifest": 100,
        "n_canvas": 10000,
        "n_annotations": 10000000,
        "n_annotation_per_canvas": 1000
      },
      "duration_insert_manifest": 23.568899531004718,
      "duration_insert_annotation": 422.43616530100553,
      "duration_read_annotation_list": 0.014482466659974307,
      "duration_read_annotation": 0.9493798521600547
    }
  ]
}