{
  "server_name": "Aiiinotate",
  "time_unit": "s",
  "threads": 20,
  "n_iterations": 50,
  "ratio_canvas_with_annotations": "1.0%",
  "results": [
    {
      "step": {
        "index": 0,
        "n_manifest": 100,
        "n_canvas": 100,
        "n_annotations": 100000,
        "n_annotation_per_canvas": 1000
      },
      "duration_insert_manifest": 0.42428522300178884,
      "duration_insert_annotation": 2.815106881003885,
      "duration_read_annotation_list": 0.01900079340004595,
      "duration_read_annotation": 0.023651846520078835
    },
    {
      "step": {
        "index": 1,
        "n_manifest": 100,
        "n_canvas": 1000,
        "n_annotations": 1000000,
        "n_annotation_per_canvas": 1000
      },
      "duration_insert_manifest": 2.7734650679994957,
      "duration_insert_annotation": 48.36157740600174,
      "duration_read_annotation_list": 0.015869631100067637,
      "duration_read_annotation": 0.12158571368010598
    },
    {
      "step": {
        "index": 2,
        "n_manifest": 100,
        "n_canvas": 10000,
        "n_annotations": 10000000,
        "n_annotation_per_canvas": 1000
      },
      "duration_insert_manifest": 27.754050488001667,
      "duration_insert_annotation": 431.99959564199526,
      "duration_read_annotation_list": 0.014212173039995833,
      "duration_read_annotation": 1.1042380093000248
    }
  ]
}