{
  "server_name": "aiiinotate",
  "n_steps": 7,
  "n_threads": 20,
  "n_iterations": 50,
  "n_annotation_per_canvas": 100,
  "ratio_annotation_to_canvas": 0.1,
  "time_unit": "seconds",
  "results": [
    {
      "step": {
        "index": 1,
        "n_manifest": 1,
        "n_annotation": 10,
        "n_canvas_total": 100,
        "n_canvas_per_manifest": 100,
        "n_canvas_with_annotations_per_manifest": 1
      },
      "timing_populate_manifest": 0.02993433000000323,
      "timing_populate_annotation": 0.048172206000003825,
      "timing_read_annotation_list": 0.0026782731000000127,
      "timing_read_annotation": 0.002375323360000152,
      "timing_write_manifest": 0.0033259806800001,
      "timing_write_annotation": 0.0027919899799999826,
      "timing_write_annotation_list": 0.008039965420000215,
      "timing_update_annotation": 0.0004960056199999485,
      "timing_delete_annotation": 0.00035095015999985434
    },
    {
      "step": {
        "index": 2,
        "n_manifest": 1,
        "n_annotation": 100,
        "n_canvas_total": 1000,
        "n_canvas_per_manifest": 1000,
        "n_canvas_with_annotations_per_manifest": 1
      },
      "timing_populate_manifest": 0.026488905999997314,
      "timing_populate_annotation": 0.012859018000000333,
      "timing_read_annotation_list": 0.00009131257999996479,
      "timing_read_annotation": 0.0011132027000002153,
      "timing_write_manifest": 0.016654808360000006,
      "timing_write_annotation": 0.0022841275999999767,
      "timing_write_annotation_list": 0.0063517260800000485,
      "timing_update_annotation": 0.0020300990000001206,
      "timing_delete_annotation": 0.0012369040800001584
    },
    {
      "step": {
        "index": 3,
        "n_manifest": 10,
        "n_annotation": 1000,
        "n_canvas_total": 10000,
        "n_canvas_per_manifest": 1000,
        "n_canvas_with_annotations_per_manifest": 10
      },
      "timing_populate_manifest": 0.16973083599999939,
      "timing_populate_annotation": 0.07493877400000315,
      "timing_read_annotation_list": 0.0006896376000000259,
      "timing_read_annotation": 0.001102209380000261,
      "timing_write_manifest": 0.016710070180000116,
      "timing_write_annotation": 0.0022237070799999968,
      "timing_write_annotation_list": 0.005851489780000065,
      "timing_update_annotation": 0.0018138876200001165,
      "timing_delete_annotation": 0.0011482516399999555
    },
    {
      "step": {
        "index": 4,
        "n_manifest": 100,
        "n_annotation": 10000,
        "n_canvas_total": 100000,
        "n_canvas_per_manifest": 1000,
        "n_canvas_with_annotations_per_manifest": 100
      },
      "timing_populate_manifest": 1.8336582379999982,
      "timing_populate_annotation": 0.3632645019999927,
      "timing_read_annotation_list": 0.0035898433400001293,
      "timing_read_annotation": 0.0010785437399999864,
      "timing_write_manifest": 0.016350208320000094,
      "timing_write_annotation": 0.0022126023799998507,
      "timing_write_annotation_list": 0.006396297000000004,
      "timing_update_annotation": 0.0019830734199999256,
      "timing_delete_annotation": 0.0011987106199998722
    },
    {
      "step": {
        "index": 5,
        "n_manifest": 1000,
        "n_annotation": 100000,
        "n_canvas_total": 1000000,
        "n_canvas_per_manifest": 1000,
        "n_canvas_with_annotations_per_manifest": 1000
      },
      "timing_populate_manifest": 2.9717285000000118,
      "timing_populate_annotation": 3.7863841070000035,
      "timing_read_annotation_list": 0.003050448380000148,
      "timing_read_annotation": 0.0010933690800001728,
      "timing_write_manifest": 0.016850548040000034,
      "timing_write_annotation": 0.0020402329600000256,
      "timing_write_annotation_list": 0.006058686599999987,
      "timing_update_annotation": 0.0019303890400001933,
      "timing_delete_annotation": 0.0011802253999999835
    },
    {
      "step": {
        "index": 6,
        "n_manifest": 10000,
        "n_annotation": 1000000,
        "n_canvas_total": 10000000,
        "n_canvas_per_manifest": 1000,
        "n_canvas_with_annotations_per_manifest": 10000
      },
      "timing_populate_manifest": 29.813751005,
      "timing_populate_annotation": 47.49374640299999,
      "timing_read_annotation_list": 0.003563285080000469,
      "timing_read_annotation": 0.0011199140999997325,
      "timing_write_manifest": 0.025905410999999958,
      "timing_write_annotation": 0.002286115119999863,
      "timing_write_annotation_list": 0.007149532139999906,
      "timing_update_annotation": 0.0020112237199998617,
      "timing_delete_annotation": 0.0014546705800000837
    },
    {
      "step": {
        "index": 7,
        "n_manifest": 100000,
        "n_annotation": 10000000,
        "n_canvas_total": 100000000,
        "n_canvas_per_manifest": 1000,
        "n_canvas_with_annotations_per_manifest": 100000
      },
      "timing_populate_manifest": 308.24762918100004,
      "timing_populate_annotation": 1096.407526561,
      "timing_read_annotation_list": 0.004278079119999347,
      "timing_read_annotation": 0.001325642299998435,
      "timing_write_manifest": 0.07500553051999759,
      "timing_write_annotation": 0.002561652999997932,
      "timing_write_annotation_list": 0.006521267459997943,
      "timing_update_annotation": 0.0022005942799978584,
      "timing_delete_annotation": 0.0018307804200003374
    }
  ]
}
